[
  {
    "id": "5e604ad9-0095-45b5-bf62-a989b2df434d",
    "data": [
      {
        "text": "comfortableness",
        "userDefined": false
      }
    ],
    "isTemplate": false,
    "count": 0,
    "updated": 1548998674
  },
  {
    "id": "ce6fb2b0-079f-44c8-b622-3080e49164e6",
    "data": [
      {
        "text": "pain",
        "userDefined": false
      }
    ],
    "isTemplate": false,
    "count": 0,
    "updated": 1548998674
  },
  {
    "id": "849a2412-4502-4aa6-8ced-ab5ca2fe4058",
    "data": [
      {
        "text": "ache",
        "userDefined": false
      }
    ],
    "isTemplate": false,
    "count": 0,
    "updated": 1548998674
  },
  {
    "id": "99ddcc02-009e-48da-bf6a-450c4003d16d",
    "data": [
      {
        "text": "checkup",
        "userDefined": false
      }
    ],
    "isTemplate": false,
    "count": 0,
    "updated": 1548998674
  },
  {
    "id": "4609da82-0fb7-4eca-9c0f-e59ef695b099",
    "data": [
      {
        "text": "i have aches",
        "userDefined": false
      }
    ],
    "isTemplate": false,
    "count": 0,
    "updated": 1548998674
  },
  {
    "id": "3a2cc832-d1f9-4db0-888e-286bb26dc4a7",
    "data": [
      {
        "text": "i have a pain",
        "userDefined": false
      }
    ],
    "isTemplate": false,
    "count": 0,
    "updated": 1548998674
  },
  {
    "id": "7b63d146-527d-482e-89b0-21eb3858aae9",
    "data": [
      {
        "text": "can i visit a doctor ?",
        "userDefined": false
      }
    ],
    "isTemplate": false,
    "count": 0,
    "updated": 1548998674
  }
]