[
  {
    "id": "c8142ca1-9ef7-4f19-996e-b1b95d1a091a",
    "data": [
      {
        "text": "filling",
        "userDefined": false
      }
    ],
    "isTemplate": false,
    "count": 0,
    "updated": 1549007097
  },
  {
    "id": "2f60f925-811f-49a6-932c-6e6dfd3f2c20",
    "data": [
      {
        "text": "sensation\n  teeth",
        "userDefined": false
      }
    ],
    "isTemplate": false,
    "count": 0,
    "updated": 1549007097
  },
  {
    "id": "67840168-9c3d-4d50-b1cb-208c9d16c763",
    "data": [
      {
        "text": " ",
        "userDefined": false
      },
      {
        "text": "root canal",
        "meta": "@sys.ignore",
        "userDefined": false
      }
    ],
    "isTemplate": false,
    "count": 0,
    "updated": 1549009487
  },
  {
    "id": "bfdb7c2a-f8a9-477a-bffb-9fdad8319029",
    "data": [
      {
        "text": "cavity",
        "userDefined": false
      }
    ],
    "isTemplate": false,
    "count": 0,
    "updated": 1549007097
  },
  {
    "id": "51d4e21e-f45c-4f40-8ff3-63adf0bc007f",
    "data": [
      {
        "text": " teeth pain",
        "userDefined": false
      }
    ],
    "isTemplate": false,
    "count": 0,
    "updated": 1549007097
  },
  {
    "id": "63cef690-672f-47a4-ab39-d02b5b63165b",
    "data": [
      {
        "text": " ",
        "userDefined": false
      },
      {
        "text": "impact tooth",
        "meta": "@sys.ignore",
        "userDefined": false
      }
    ],
    "isTemplate": false,
    "count": 0,
    "updated": 1549009487
  },
  {
    "id": "b80dc455-544b-482a-9eb4-b14a706ef56b",
    "data": [
      {
        "text": " ",
        "userDefined": false
      },
      {
        "text": "teeth",
        "meta": "@sys.ignore",
        "userDefined": false
      }
    ],
    "isTemplate": false,
    "count": 0,
    "updated": 1549009487
  },
  {
    "id": "53980a15-47c7-4446-96dc-d1b2a3eed3a4",
    "data": [
      {
        "text": " ",
        "userDefined": false
      },
      {
        "text": "tooth",
        "meta": "@sys.ignore",
        "userDefined": false
      }
    ],
    "isTemplate": false,
    "count": 0,
    "updated": 1549009487
  },
  {
    "id": "15f5c789-3b87-400e-a154-ade4eb9f50ca",
    "data": [
      {
        "text": "tooth ache",
        "userDefined": false
      }
    ],
    "isTemplate": false,
    "count": 0,
    "updated": 1549007097
  },
  {
    "id": "f99aac0e-b1fa-4e06-8f3f-6846e6380d5b",
    "data": [
      {
        "text": " ",
        "userDefined": false
      },
      {
        "text": "broken tooth",
        "meta": "@sys.ignore",
        "userDefined": false
      }
    ],
    "isTemplate": false,
    "count": 0,
    "updated": 1549009487
  }
]