[
  {
    "id": "55ea34d5-942b-4695-9dab-87b0fd6fa4ae",
    "data": [
      {
        "text": "common ",
        "userDefined": false
      },
      {
        "text": "cold",
        "meta": "@sys.ignore",
        "userDefined": false
      }
    ],
    "isTemplate": false,
    "count": 0,
    "updated": 1549009586
  },
  {
    "id": "667caf3b-0132-418e-b04d-8c7ca3516a83",
    "data": [
      {
        "text": "i\u0027am suffering from ",
        "userDefined": false
      },
      {
        "text": "fever",
        "meta": "@sys.ignore",
        "userDefined": false
      }
    ],
    "isTemplate": false,
    "count": 0,
    "updated": 1549009586
  },
  {
    "id": "7bd3802a-632a-4086-a645-bab6ab8e7861",
    "data": [
      {
        "text": "cough",
        "meta": "@sys.ignore",
        "userDefined": false
      }
    ],
    "isTemplate": false,
    "count": 0,
    "updated": 1549009586
  },
  {
    "id": "7e39efc0-329a-45d0-ac2d-cd8dd7a6798b",
    "data": [
      {
        "text": "cold",
        "meta": "@sys.ignore",
        "userDefined": false
      }
    ],
    "isTemplate": false,
    "count": 0,
    "updated": 1549009586
  },
  {
    "id": "47be73b4-cfaa-4e56-b35a-cf8a1b987ad3",
    "data": [
      {
        "text": "fever",
        "meta": "@sys.ignore",
        "userDefined": false
      }
    ],
    "isTemplate": false,
    "count": 0,
    "updated": 1549009586
  }
]