[
  {
    "id": "a9215272-0215-4980-a3e1-da709dea33f3",
    "data": [
      {
        "text": "head ache",
        "userDefined": false
      }
    ],
    "isTemplate": false,
    "count": 0,
    "updated": 1549006189
  },
  {
    "id": "aa523b15-6ba5-4109-b8c8-da755e25b427",
    "data": [
      {
        "text": " head pain",
        "userDefined": false
      }
    ],
    "isTemplate": false,
    "count": 0,
    "updated": 1549005773
  },
  {
    "id": "f57894f5-1c7b-4fe5-8301-19ae162e813b",
    "data": [
      {
        "text": "\n  cluster head aches",
        "userDefined": false
      }
    ],
    "isTemplate": false,
    "count": 0,
    "updated": 1549005773
  },
  {
    "id": "a1098ae6-9f1f-4f34-a140-75aa1f0b5718",
    "data": [
      {
        "text": " ",
        "userDefined": false
      },
      {
        "text": "migraines",
        "alias": "PAINS",
        "meta": "@PAINS",
        "userDefined": false
      }
    ],
    "isTemplate": false,
    "count": 0,
    "updated": 1549005773
  },
  {
    "id": "de61b313-1411-472f-a31b-7135750407f7",
    "data": [
      {
        "text": "stabbing headache",
        "userDefined": false
      }
    ],
    "isTemplate": false,
    "count": 0,
    "updated": 1549005773
  },
  {
    "id": "0d07dc73-da2f-4287-a88d-7b0f03881a8a",
    "data": [
      {
        "text": " cough headache",
        "userDefined": false
      }
    ],
    "isTemplate": false,
    "count": 0,
    "updated": 1549005773
  }
]