[
  {
    "id": "05d5d8a3-18fd-4dc1-a1f2-dd0e5220ecb7",
    "data": [
      {
        "text": "when does the hospital closes",
        "userDefined": false
      }
    ],
    "isTemplate": false,
    "count": 0,
    "updated": 1548993816
  },
  {
    "id": "0f16dbfd-87bd-4943-ab15-85e589df8c29",
    "data": [
      {
        "text": "what time does doctor arrive??",
        "userDefined": false
      }
    ],
    "isTemplate": false,
    "count": 0,
    "updated": 1548993816
  },
  {
    "id": "8dd5278b-3d0f-4940-a61b-21fc6bdcd9b7",
    "data": [
      {
        "text": "will doctor be available now ?",
        "userDefined": false
      }
    ],
    "isTemplate": false,
    "count": 0,
    "updated": 1548993816
  },
  {
    "id": "92f9b039-268d-44bc-85be-619581883201",
    "data": [
      {
        "text": "what are your hours ??",
        "userDefined": false
      }
    ],
    "isTemplate": false,
    "count": 0,
    "updated": 1548993460
  },
  {
    "id": "5a6cce1e-5ccb-4ed3-9ec7-4682eb3c2c8a",
    "data": [
      {
        "text": "when do you open??",
        "userDefined": false
      }
    ],
    "isTemplate": false,
    "count": 0,
    "updated": 1548993460
  },
  {
    "id": "fb22ac58-2d78-4abb-a7f9-4f4d67866b3f",
    "data": [
      {
        "text": "will it be open ",
        "userDefined": false
      },
      {
        "text": "today",
        "alias": "date",
        "meta": "@sys.date",
        "userDefined": false
      }
    ],
    "isTemplate": false,
    "count": 0,
    "updated": 1548993460
  },
  {
    "id": "3a74afa9-b852-4935-a561-cd8910a1c7ca",
    "data": [
      {
        "text": "what are the opening timing ??",
        "userDefined": false
      }
    ],
    "isTemplate": false,
    "count": 0,
    "updated": 1548993460
  },
  {
    "id": "99a2416a-5e95-4e7f-b890-5e872c6074ec",
    "data": [
      {
        "text": "How late can i come in ?",
        "userDefined": false
      }
    ],
    "isTemplate": false,
    "count": 0,
    "updated": 1548993460
  }
]