[
  {
    "id": "3bd18666-8b08-477e-afb2-6708537d5539",
    "data": [
      {
        "text": "I would like to come on 9am ?",
        "userDefined": false
      }
    ],
    "isTemplate": false,
    "count": 0,
    "updated": 1548997014
  },
  {
    "id": "4b85bf4d-692f-4b88-bd47-372bdd2eebb2",
    "data": [
      {
        "text": "can i setup an appointment ",
        "userDefined": false
      },
      {
        "text": "tomorrow",
        "alias": "date",
        "meta": "@sys.date",
        "userDefined": false
      }
    ],
    "isTemplate": false,
    "count": 0,
    "updated": 1548997014
  },
  {
    "id": "009f4f04-21d6-4321-b53e-37cafd5add55",
    "data": [
      {
        "text": "can you schedule an appointment for ",
        "userDefined": false
      },
      {
        "text": "noon ?",
        "alias": "time",
        "meta": "@sys.time",
        "userDefined": false
      }
    ],
    "isTemplate": false,
    "count": 0,
    "updated": 1548997014
  },
  {
    "id": "0453e135-4d7a-4e74-8579-528a6ce6e88e",
    "data": [
      {
        "text": "I\u0027d would like to schedule an appointment ",
        "userDefined": false
      },
      {
        "text": "at 5pm",
        "alias": "time",
        "meta": "@sys.time",
        "userDefined": false
      },
      {
        "text": " ?",
        "userDefined": false
      }
    ],
    "isTemplate": false,
    "count": 0,
    "updated": 1548997014
  },
  {
    "id": "ca54fe86-0faf-4f74-a69a-93a5824a92ad",
    "data": [
      {
        "text": "I\u0027d would like to schedule an appointment ",
        "userDefined": false
      },
      {
        "text": "next friday",
        "alias": "date",
        "meta": "@sys.date",
        "userDefined": false
      },
      {
        "text": " ?",
        "userDefined": false
      }
    ],
    "isTemplate": false,
    "count": 0,
    "updated": 1548997014
  },
  {
    "id": "f1a75e08-c286-4383-841b-d23d404a62c4",
    "data": [
      {
        "text": "I\u0027d would like to schedule an appointment ",
        "userDefined": false
      },
      {
        "text": "today",
        "alias": "date",
        "meta": "@sys.date",
        "userDefined": false
      },
      {
        "text": " ?",
        "userDefined": false
      }
    ],
    "isTemplate": false,
    "count": 0,
    "updated": 1548997014
  }
]