[
  {
    "id": "060afe38-a214-441e-8e4c-469418e0c010",
    "data": [
      {
        "text": " leg pain",
        "userDefined": false
      }
    ],
    "isTemplate": false,
    "count": 0,
    "updated": 1549007663
  },
  {
    "id": "ba0a354c-5d0f-4c25-838c-edbd7e45bbf1",
    "data": [
      {
        "text": "hand pain",
        "userDefined": false
      }
    ],
    "isTemplate": false,
    "count": 0,
    "updated": 1549007663
  },
  {
    "id": "07232c6d-8d1a-4f1f-a52a-258ccce78c2e",
    "data": [
      {
        "text": " backbone pain",
        "userDefined": false
      }
    ],
    "isTemplate": false,
    "count": 0,
    "updated": 1549007663
  },
  {
    "id": "0404d15f-e828-4475-8438-55e382279ae3",
    "data": [
      {
        "text": " spinal cord pain",
        "userDefined": false
      }
    ],
    "isTemplate": false,
    "count": 0,
    "updated": 1549007663
  },
  {
    "id": "2f6a098e-c0ae-49f3-a4a6-dd8b141289f8",
    "data": [
      {
        "text": "knee pain",
        "userDefined": false
      }
    ],
    "isTemplate": false,
    "count": 0,
    "updated": 1549007663
  },
  {
    "id": "dac9c956-8398-4e5b-a7e1-2212603fbfad",
    "data": [
      {
        "text": "swelling",
        "userDefined": false
      }
    ],
    "isTemplate": false,
    "count": 0,
    "updated": 1549007663
  },
  {
    "id": "759fd5eb-6892-4f41-971c-a4312a3742c0",
    "data": [
      {
        "text": "\n  vitamin deficiency",
        "userDefined": false
      }
    ],
    "isTemplate": false,
    "count": 0,
    "updated": 1549007663
  },
  {
    "id": "1966b999-8b0d-4746-bfc8-00ad78b44688",
    "data": [
      {
        "text": "fracture",
        "meta": "@sys.ignore",
        "userDefined": false
      }
    ],
    "isTemplate": false,
    "count": 0,
    "updated": 1549007663
  }
]