[
  {
    "id": "f563aaa5-a7ba-4538-a8cf-ef04931be5eb",
    "data": [
      {
        "text": "menstrual cramp",
        "userDefined": false
      }
    ],
    "isTemplate": false,
    "count": 0,
    "updated": 1549005553
  },
  {
    "id": "14e4d9bd-227d-47da-860a-2d8e51ac720d",
    "data": [
      {
        "text": "period pain",
        "userDefined": false
      }
    ],
    "isTemplate": false,
    "count": 0,
    "updated": 1549005553
  },
  {
    "id": "5acb3073-cb78-4031-a60d-64683f76f7e9",
    "data": [
      {
        "text": "gas",
        "meta": "@sys.ignore",
        "userDefined": false
      },
      {
        "text": " trouble",
        "userDefined": false
      }
    ],
    "isTemplate": false,
    "count": 0,
    "updated": 1549008105
  },
  {
    "id": "d17244f1-8e1c-4ad9-a964-2dc4794ab7c0",
    "data": [
      {
        "text": "food positioning",
        "meta": "@sys.ignore",
        "userDefined": false
      }
    ],
    "isTemplate": false,
    "count": 0,
    "updated": 1549008105
  },
  {
    "id": "b989f41a-065f-43e3-9891-2713a00590c0",
    "data": [
      {
        "text": "constipation and  food allergy",
        "userDefined": false
      }
    ],
    "isTemplate": false,
    "count": 0,
    "updated": 1549005553
  },
  {
    "id": "3420214f-28fe-4fbc-9a60-0431b6447a9d",
    "data": [
      {
        "text": "abdominal pain",
        "meta": "@sys.ignore",
        "userDefined": false
      }
    ],
    "isTemplate": false,
    "count": 0,
    "updated": 1549008105
  },
  {
    "id": "84d9e0c4-8201-40c1-8aaf-ca9257d338d4",
    "data": [
      {
        "text": " ",
        "userDefined": false
      },
      {
        "text": "ulcer",
        "meta": "@sys.ignore",
        "userDefined": false
      }
    ],
    "isTemplate": false,
    "count": 0,
    "updated": 1549008105
  },
  {
    "id": "fca02626-2c44-46c2-b571-8a8fc1c9a58a",
    "data": [
      {
        "text": "stomach disorder",
        "userDefined": false
      }
    ],
    "isTemplate": false,
    "count": 0,
    "updated": 1548999742
  },
  {
    "id": "6b2dfc3a-ad14-415d-91f7-67bf46b09525",
    "data": [
      {
        "text": "mentural cramps",
        "meta": "@sys.ignore",
        "userDefined": false
      }
    ],
    "isTemplate": false,
    "count": 0,
    "updated": 1549008105
  },
  {
    "id": "fd2eb9ed-3aba-4abc-83ba-455d0ad12a60",
    "data": [
      {
        "text": "i have ",
        "userDefined": false
      },
      {
        "text": "stomach ache",
        "meta": "@sys.ignore",
        "userDefined": false
      }
    ],
    "isTemplate": false,
    "count": 0,
    "updated": 1549008105
  },
  {
    "id": "991d4dc1-ed3b-43be-8468-763a2b6c0696",
    "data": [
      {
        "text": "I have ",
        "userDefined": false
      },
      {
        "text": "stomach pain",
        "meta": "@sys.ignore",
        "userDefined": false
      }
    ],
    "isTemplate": false,
    "count": 0,
    "updated": 1549008105
  }
]