[
  {
    "value": "MR. ADNAN",
    "synonyms": [
      "MR. ADNAN",
      "general physician",
      "general doctor"
    ]
  },
  {
    "value": "MS.ALIYA AFREEN",
    "synonyms": [
      "MS.ALIYA AFREEN",
      "dentist",
      "dental care",
      "oral care"
    ]
  },
  {
    "value": "MS.SIDDIQQA",
    "synonyms": [
      "MS.SIDDIQQA",
      "stomach doctor",
      "gastroenterology",
      "gynecologist"
    ]
  },
  {
    "value": "MR.RAJA",
    "synonyms": [
      "MR.RAJA",
      "Orthopaedics",
      "Ortho",
      "bone doctor",
      "fracture",
      "bone specialist"
    ]
  },
  {
    "value": "MS.SAI",
    "synonyms": [
      "MS.SAI",
      "neuro surgen",
      "nerve doctor",
      "head doctor",
      "ent doctor"
    ]
  }
]