[
  {
    "value": "Stomach pain",
    "synonyms": [
      "Stomach pain",
      "cramp",
      "stomach ache",
      "ulcer",
      "abdominal pain",
      "constipation food allergy",
      "food positioning",
      "gas",
      "period pain",
      "mentural cramp"
    ]
  },
  {
    "value": "headache",
    "synonyms": [
      "headache",
      "head pain",
      "cluster head aches",
      "migraines",
      "stabbing headache",
      "cough headache",
      "flu"
    ]
  },
  {
    "value": "fever",
    "synonyms": [
      "fever",
      "cold",
      "running nose",
      "cough",
      "raise in temprature",
      "irretation"
    ]
  },
  {
    "value": "bone pain",
    "synonyms": [
      "fracture",
      "vitamin defeciency",
      "swelling",
      "knee pain",
      "spinal cord pain",
      "backbone pain",
      "hand pain",
      "leg pain"
    ]
  },
  {
    "value": "tooth ache",
    "synonyms": [
      "tooth ache",
      "teeth pain",
      "cavity",
      "root canal",
      "sensation",
      "teeth",
      "filling",
      "impact tooth",
      "teeth",
      "tooth",
      "broken tooth"
    ]
  },
  {
    "value": "ent",
    "synonyms": [
      "ent",
      "ears",
      "nose",
      "eyes",
      "neck",
      "eye sight",
      "tonsillits",
      "ear infection",
      "ear wax",
      "loss hearing",
      "snoring",
      "bad breath"
    ]
  }
]